ID,FIRST_NAME,LAST_NAME,POSITION
1,Alec,Titheridge,Occupational Therapist
2,Maurizio,Bambrough,Operator
3,Josiah,Betz,Librarian
4,Garry,Oswal,Project Manager
5,Therese,Pennaman,Systems Administrator III
6,Fredi,Akroyd,Web Developer I
7,Karly,Picknett,Teacher
8,Ellie,McMonies,Recruiter
9,Essie,Vautrey,Operator
10,Hogan,Paragreen,Mechanical Systems Engineer
11,Ferdinanda,Geraudel,Marketing Assistant
12,Jakie,Polye,VP Quality Control
13,Vita,Scurfield,Database Administrator II
14,Roderick,Satchell,General Manager
15,Claresta,Regardsoe,Registered Nurse
16,Caria,Welden,Legal Assistant
17,Janith,Grigorkin,Tax Accountant
18,Mellisent,Yashunin,Statistician II
19,Emmie,Steels,Paralegal
20,Prudence,Crecy,Health Coach IV
21,Joyan,Trayes,Design Engineer
22,Barbra,Dewi,Editor
23,Sharla,Kleeborn,Senior Quality Engineer
24,Lucie,Ritter,Statistician II
25,Wilow,Courtois,Analyst Programmer
26,Tanner,Carillo,Research Nurse
27,Sharity,Itscovitz,Editor
28,Jerrome,Rief,Legal Assistant
29,Taylor,MacLleese,Quality Engineer
30,Cullin,Millhill,Pharmacist
31,Tyler,Neicho,Accountant IV
32,Claire,Dunbobin,Media Manager II
33,Eleanora,Blackborn,Account Coordinator
34,Chrissie,Greatland,Dental Hygienist
35,Janetta,McElhargy,VP Marketing
36,Yuri,Jeff,Operator
37,Kelcie,McGenis,Geological Engineer
38,Georgie,Konertz,Director of Sales
39,Ailsun,Matteucci,Professor
40,Aldridge,Zanuciolii,Recruiting Manager
41,Barney,Ludlem,Assistant Media Planner
42,Kellen,Dasent,Sales Associate
43,Ursola,Warrick,Dental Hygienist
44,Roman,Tootin,Senior Editor
45,Davita,Mulvany,Office Assistant I
46,Arden,Maudsley,Mechanical Systems Engineer
47,Maegan,Halsworth,Director of Sales
48,Arch,Harrild,Quality Control Specialist
49,Irwin,Teece,Executive Secretary
50,Bryon,Ashburne,Editor
51,Pennie,Labes,Assistant Professor
52,Kelcey,Alleyne,Clinical Specialist
53,Janeczka,Di Baudi,Registered Nurse
54,Nance,Pepperd,Structural Analysis Engineer
55,Glory,Beadel,Statistician III
56,Aline,Tremayle,Staff Accountant III
57,Adolph,Wolfindale,Chief Design Engineer
58,Helaine,Pitman,Geologist IV
59,Ephrem,Gloy,Web Designer I
60,Branden,MacClure,Budget/Accounting Analyst II
61,Ardelis,Bollon,Actuary
62,Sarina,Biddwell,Media Manager IV
63,Corrianne,McKimm,Media Manager III
64,Reyna,Franke,Financial Advisor
65,Isak,Blaby,Senior Quality Engineer
66,Dorena,Da Costa,Physical Therapy Assistant
67,Pacorro,Goodge,Staff Accountant III
68,Lynnelle,Mawford,VP Accounting
69,Land,Bloodworthe,Research Assistant I
70,Wait,Brende,Occupational Therapist
71,Ash,Rodway,Quality Control Specialist
72,Berti,Boncoeur,Electrical Engineer
73,Lanny,Caffery,Senior Editor
74,Sue,McGready,Professor
75,Myra,Leheude,Senior Financial Analyst
76,Margi,Swallwell,Desktop Support Technician
77,Glad,Allman,Health Coach I
78,Stevana,Wrefford,Electrical Engineer
79,Fredi,Leppington,Financial Analyst
80,Thorny,Beattie,Programmer III
81,Elvira,Antonellini,Nurse
82,Sim,Dulin,Community Outreach Specialist
83,Ado,Josiah,Quality Engineer
84,Coleen,Barrand,Sales Representative
85,Chelsie,O'Garmen,Senior Quality Engineer
86,Liz,Hastwall,Compensation Analyst
87,Hally,Saffin,Nurse Practicioner
88,Brocky,Bartoletti,Marketing Assistant
89,Vail,Byron,Senior Developer
90,Roxine,Tschirasche,Programmer IV
91,Stephana,Embery,Cost Accountant
92,Nikolaus,Abraham,Electrical Engineer
93,Mark,Hutton,Geological Engineer
94,Bobbette,Trawin,Editor
95,Elnore,Seary,Research Assistant II
96,Carree,Asken,Accountant II
97,Karyn,MacComiskey,Automation Specialist IV
98,Kipper,Giveen,Environmental Specialist
99,Arne,Bolderstone,Computer Systems Analyst III
100,Linell,Pelfer,Geologist IV
101,Skip,Radke,Quality Engineer
102,Chandal,Ellacott,Senior Cost Accountant
103,Esdras,Ubsdale,Operator
104,Happy,Finders,Help Desk Technician
105,Lizbeth,Commin,Quality Engineer
106,Clementia,Chater,Operator
107,Kamila,Fairbard,Senior Financial Analyst
108,Baillie,Burtonwood,Software Engineer I
109,Lennie,Doubleday,Assistant Professor
110,Jessie,Izakov,Marketing Assistant
111,Alanson,Seabon,Librarian
112,Gaultiero,OIlier,VP Accounting
113,Halsey,Vannet,Mechanical Systems Engineer
114,Urbanus,Hickenbottom,Assistant Media Planner
115,Candis,MacArthur,Software Consultant
116,Hart,Stonall,Graphic Designer
117,Hart,Goolden,Biostatistician I
118,Faunie,Gaythorpe,Cost Accountant
119,Budd,Maleck,Staff Scientist
120,Hamilton,Menauteau,Senior Financial Analyst
121,Meggy,Dunderdale,Payment Adjustment Coordinator
122,Brent,Spence,Human Resources Assistant III
123,Kelwin,Labro,Accountant I
124,Konstantin,Davydoch,Sales Representative
125,Berget,Giabucci,Environmental Tech
126,Zelda,Jeffries,Engineer I
127,Philippa,Dayer,Developer I
128,Jarret,Lauxmann,Nurse
129,Arvin,Mathews,Dental Hygienist
130,Austine,De Roos,GIS Technical Architect
131,Linoel,Stailey,Pharmacist
132,Brantley,Phipard-Shears,Librarian
133,Margeaux,Rippen,Recruiter
134,Petra,Redsall,Director of Sales
135,Charmane,Yoslowitz,GIS Technical Architect
136,Jeanine,Ratt,Geologist I
137,Charo,Urridge,Registered Nurse
138,Benedick,Eick,Quality Engineer
139,Hale,Ruane,Assistant Manager
140,Germana,Postle,Statistician IV
141,Grete,Regan,Project Manager
142,Beck,Grunder,Professor
143,Celka,Whiteland,Programmer III
144,Esmeralda,Squirrell,Information Systems Manager
145,Elden,Clausewitz,VP Quality Control
146,Willette,Silverton,Recruiter
147,Tisha,Hendrickx,Web Developer IV
148,Crissie,Turfus,Structural Engineer
149,Margette,Mandrey,Senior Quality Engineer
150,Darrell,Furney,Marketing Assistant
151,Royce,Pisco,Software Engineer III
152,Ransell,Burkert,Nurse Practicioner
153,Donaugh,Izkovitch,Pharmacist
154,Fair,McMullen,Desktop Support Technician
155,Preston,Steiner,Desktop Support Technician
156,Elsinore,Pellman,Research Assistant IV
157,Rita,Perris,Business Systems Development Analyst
158,Gus,Briant,Financial Analyst
159,Aimee,Smidmoor,Research Nurse
160,Abagail,O'Lyhane,VP Sales
161,Kristel,Lanigan,Analog Circuit Design manager
162,Raffaello,Beadel,Marketing Manager
163,Peta,Abercrombie,Associate Professor
164,Willabella,Bever,Programmer II
165,Federico,Warmington,Research Assistant II
166,Thia,Marshallsay,Editor
167,Vern,Watkiss,Environmental Specialist
168,Willem,Planks,Help Desk Technician
169,Rudd,Emlin,Internal Auditor
170,Belle,Banaszkiewicz,Analog Circuit Design manager
171,Debbie,Willan,Administrative Assistant I
172,Vivienne,Wrightson,Junior Executive
173,Seka,Burkert,Electrical Engineer
174,Dulcea,Poulson,Payment Adjustment Coordinator
175,Neddie,Antonov,Physical Therapy Assistant
176,Erinna,Kroin,Chief Design Engineer
177,Shawna,Sames,Dental Hygienist
178,Daisy,Josephy,Senior Editor
179,Tabbatha,Como,Cost Accountant
180,Durand,Libbey,Nurse
181,Emilio,Arnoldi,Engineer IV
182,Theodora,Sprules,Executive Secretary
183,Jonah,Duffill,Quality Control Specialist
184,Johanna,Penner,Staff Scientist
185,Tabbie,Biggin,Research Associate
186,Zacharias,Chastelain,Desktop Support Technician
187,Marigold,Grent,Professor
188,Ofella,Hanfrey,Information Systems Manager
189,Lavinia,Banasik,Senior Quality Engineer
190,Wes,Judd,Help Desk Technician
191,Aleen,Chadderton,Structural Engineer
192,Adrian,Gutowski,Financial Analyst
193,Lukas,Chaney,Nurse Practicioner
194,Carlotta,Tickle,Assistant Professor
195,Willa,Wooles,Research Assistant II
196,Vittorio,Mocquer,Programmer IV
197,Christean,Faint,Help Desk Operator
198,Rufus,Stappard,Community Outreach Specialist
199,Marian,Erridge,Information Systems Manager
200,Dell,Sheldrick,Research Nurse
201,Arlene,Minchella,Compensation Analyst
202,Katina,Bossom,Accountant II
203,Doralynne,Caldero,Web Developer III
204,Lynnell,MacGilrewy,Sales Associate
205,Ervin,Neissen,VP Sales
206,Emmanuel,Croser,Account Executive
207,Huntley,Faers,Accountant I
208,Micki,Petren,Human Resources Assistant III
209,Ola,Roisen,Software Consultant
210,Tilda,Yaus,Media Manager II
211,Chicky,Riccardi,Administrative Assistant IV
212,Brod,Fedorchenko,Recruiting Manager
213,Beale,Twidell,Associate Professor
214,Griffie,Brendel,Structural Analysis Engineer
215,Godart,Barwell,Engineer II
216,Giustina,Branney,Staff Accountant II
217,Celesta,Broggio,Programmer Analyst III
218,Malvin,Lathleiffure,Community Outreach Specialist
219,Waneta,McNaughton,Nuclear Power Engineer
220,Mariel,Richmond,Business Systems Development Analyst
221,Joceline,Storer,Executive Secretary
222,Felisha,Rowan,VP Product Management
223,Aubine,Tallis,Dental Hygienist
224,Erika,Fyrth,Web Developer III
225,Dana,Cattini,Recruiter
226,Cherianne,Dominico,Business Systems Development Analyst
227,Loria,Westgate,Paralegal
228,Regina,Ellum,Director of Sales
229,Myrta,Beverage,Senior Editor
230,Owen,Tench,Account Executive
231,Berthe,Tierny,Analog Circuit Design manager
232,Nelly,Carolan,Programmer III
233,Vivyanne,Brim,Nuclear Power Engineer
234,Zacharias,Haeslier,Quality Control Specialist
235,Patric,Arter,Structural Analysis Engineer
236,Haily,Lochet,VP Sales
237,Hilarius,Juschke,Systems Administrator II
238,Petey,Ivashnikov,Professor
239,Abie,Ollerhead,Human Resources Assistant III
240,Lynnette,Seniour,Civil Engineer
241,Dane,Nourse,Executive Secretary
242,Frances,Waleworke,Software Test Engineer II
243,Marleah,Minghetti,Environmental Specialist
244,Eleanora,Motton,Database Administrator I
245,Thornton,Whye,Occupational Therapist
246,Cyb,Renner,Recruiting Manager
247,Amos,Tabour,Physical Therapy Assistant
248,Elisha,Nairne,Executive Secretary
249,Leslie,Killingback,Recruiting Manager
250,Harriette,Toffolini,Account Representative I
251,Dory,Elcock,Cost Accountant
252,Tera,Nutten,Nurse
253,Hillard,Blease,Associate Professor
254,Gill,Ryan,Payment Adjustment Coordinator
255,Cordi,Dimbylow,Office Assistant III
256,Clare,Partington,Human Resources Manager
257,Sherri,Farish,Software Consultant
258,Hali,Kryszkiecicz,Librarian
259,Oren,Grinvalds,Safety Technician IV
260,Antoine,Eschelle,Environmental Tech
261,Marcelo,Message,Analyst Programmer
262,Olenolin,Petrecz,Physical Therapy Assistant
263,Nertie,Tolchard,Assistant Professor
264,Ruy,Fernan,Research Nurse
265,Melisent,Heineken,Marketing Manager
266,Rube,Warre,Mechanical Systems Engineer
267,Jarib,Ragdale,Structural Analysis Engineer
268,Clemmie,Thomel,Financial Analyst
269,Winnah,Glazyer,VP Sales
270,Gennifer,MacDearmaid,Web Designer IV
271,Karee,McNee,Statistician III
272,Seumas,Hooks,Research Associate
273,Kristan,Rimer,Professor
274,Clarence,Pessolt,Financial Analyst
275,Early,MacDowall,Senior Financial Analyst
276,Tim,Robertot,Help Desk Operator
277,Jacqueline,Poulney,Paralegal
278,Wash,Eggar,General Manager
279,Siobhan,Goundry,VP Accounting
280,Steven,Songer,Editor
281,Skippie,Westbrook,Nurse
282,Abagael,Searson,Food Chemist
283,Evonne,Obert,Actuary
284,Birgitta,Antoniewicz,Technical Writer
285,Penelopa,Playfair,Nurse
286,Karlee,Shildrick,Business Systems Development Analyst
287,Elwin,Senter,Paralegal
288,Juieta,Tapley,Associate Professor
289,Lettie,Tosney,Senior Quality Engineer
290,Ara,Patsall,Nurse Practicioner
291,Blondie,Search,Accounting Assistant IV
292,Mattie,Capon,Web Designer I
293,Caitrin,Gook,Accounting Assistant IV
294,Reggy,Noury,VP Marketing
295,Rockey,Collyer,Chief Design Engineer
296,Kayley,Palleske,Business Systems Development Analyst
297,Kip,Selkirk,Analyst Programmer
298,Ree,Gornall,Administrative Assistant III
299,Vittorio,Grono,Nurse Practicioner
300,Heath,Lorans,Automation Specialist I
301,Jephthah,Wannes,Software Engineer IV
302,Omar,Alexandrou,Help Desk Technician
303,Odille,Bowery,Dental Hygienist
304,Merrily,Di Nisco,Account Representative II
305,Wenona,Uzelli,Dental Hygienist
306,Lora,Lenchenko,Electrical Engineer
307,Giraud,Prophet,Dental Hygienist
308,Kyle,Bance,Systems Administrator I
309,Vanny,Howard,Environmental Specialist
310,Arleen,Hailwood,Senior Quality Engineer
311,Kevyn,Wasiela,Chief Design Engineer
312,Eleanor,Alwell,Junior Executive
313,Hattie,Agget,Operator
314,Milissent,McCritichie,Programmer III
315,Laurence,Tidder,Senior Quality Engineer
316,Kathlin,Burdas,Pharmacist
317,Lin,Fleisch,Accounting Assistant I
318,Cathrin,Gergler,Analog Circuit Design manager
319,Suellen,Grassi,Financial Advisor
320,Barbette,Henri,Financial Analyst
321,Gillan,Bradnocke,General Manager
322,Delila,Blaszkiewicz,Associate Professor
323,Debbie,Lawson,Tax Accountant
324,Giff,Jacquemard,Account Coordinator
325,Tabby,McDill,Software Engineer IV
326,Darice,Derrell,Automation Specialist III
327,Duffy,Sexton,VP Quality Control
328,Edythe,Anglish,Community Outreach Specialist
329,Corty,Ullyott,Analog Circuit Design manager
330,Valerye,Burkitt,Nuclear Power Engineer
331,Roanne,Clatworthy,Legal Assistant
332,Abramo,Geekie,Staff Accountant IV
333,Clementius,Buxsy,Research Nurse
334,Vanni,Gladdolph,Teacher
335,Arliene,Fiddy,Community Outreach Specialist
336,Beverie,Dignum,Environmental Specialist
337,Nealon,Carslake,Internal Auditor
338,Elbertina,Lello,VP Product Management
339,Holly-anne,MacCome,Account Coordinator
340,Maxy,Seint,Desktop Support Technician
341,Emmy,Buck,Clinical Specialist
342,Godart,Crumb,Financial Advisor
343,Jesse,Luckman,Senior Financial Analyst
344,Ronnie,Baignard,Assistant Manager
345,Masha,Percifer,Engineer I
346,Catie,Guppy,Design Engineer
347,Renaud,Faustin,Senior Developer
348,Daphna,Gabala,Structural Engineer
349,Anthe,Tincey,Senior Financial Analyst
350,Morten,Chiddy,Programmer I
351,Kriste,Verny,Community Outreach Specialist
352,Magnum,Glyne,GIS Technical Architect
353,Isac,Dows,Human Resources Manager
354,Olvan,Tomney,Associate Professor
355,Geri,Kohtler,Quality Control Specialist
356,Clemmie,Van Hault,Senior Editor
357,Moselle,Akers,Nurse
358,Catharine,Cassells,Senior Quality Engineer
359,Kandy,Gilbeart,Quality Engineer
360,Eugenie,Currell,Tax Accountant
361,Sigrid,Stobie,Accounting Assistant II
362,Ardith,Bonnaire,Payment Adjustment Coordinator
363,Florian,Riddick,Analog Circuit Design manager
364,Jeffy,Tarbert,Software Engineer III
365,Quintilla,Gude,Research Associate
366,Kim,Edelheit,Web Developer III
367,Bernadine,Roubay,Occupational Therapist
368,Bertina,Bellin,Systems Administrator III
369,Bernadine,Ansill,Chemical Engineer
370,Myrah,Baylis,Safety Technician III
371,Phineas,Goutcher,General Manager
372,Bertram,Parsons,Food Chemist
373,Clem,Goatman,Nuclear Power Engineer
374,Aurea,Fryd,Registered Nurse
375,Isabeau,Himsworth,Data Coordiator
376,Nevil,Kenwright,Editor
377,Dahlia,Ilyenko,Actuary
378,Pembroke,Collier,GIS Technical Architect
379,Mattie,Head,GIS Technical Architect
380,Ronda,Danbye,Senior Editor
381,Kristin,Domel,Civil Engineer
382,Alisander,Dutteridge,Human Resources Assistant III
383,Tina,Swatradge,VP Product Management
384,Dionysus,Shrigley,Software Test Engineer IV
385,Phillipe,Rapson,Technical Writer
386,Kristian,Micklewicz,Geological Engineer
387,Niki,Chatin,Research Assistant II
388,Lulita,Braunton,Geologist I
389,Raymund,Sydall,VP Accounting
390,Murdoch,Vasilchikov,Food Chemist
391,Trula,Beau,Design Engineer
392,Wayland,Doughtery,Administrative Officer
393,Bill,Jecock,Nurse Practicioner
394,Rodolph,Hawkridge,Engineer II
395,Karola,Wrack,Nuclear Power Engineer
396,Garvin,Gradley,Teacher
397,Stearn,Thunnerclef,Geological Engineer
398,Hollie,Hector,Safety Technician IV
399,Dulci,Geffe,Registered Nurse
400,Avrom,Daborn,Chief Design Engineer
401,Serene,Emanson,General Manager
402,Monika,Gillett,Financial Analyst
403,Talya,Ilewicz,Financial Analyst
404,Felecia,Whitford,Environmental Specialist
405,Corrina,Steenson,Community Outreach Specialist
406,Francesca,McRill,Quality Engineer
407,Burton,Wapple,Nurse
408,Norris,Stait,Internal Auditor
409,Fabian,Leadstone,Human Resources Manager
410,Effie,Overbury,Nuclear Power Engineer
411,Harold,Longmaid,Structural Analysis Engineer
412,Alfy,Pindar,Mechanical Systems Engineer
413,Adan,Hotchkin,Administrative Officer
414,Flore,Landsman,Geologist III
415,Lora,Greenrde,Technical Writer
416,Sandie,Scrauniage,Human Resources Manager
417,Marrilee,Balam,Teacher
418,Almire,Fitzharris,Dental Hygienist
419,Caria,Lamyman,GIS Technical Architect
420,Eward,Fontin,VP Accounting
421,Ingunna,Chin,Dental Hygienist
422,Florella,Glave,Senior Cost Accountant
423,Noach,Baumer,Community Outreach Specialist
424,Wilt,Bennit,Quality Control Specialist
425,Veronike,Titlow,Clinical Specialist
426,Adrienne,Brunon,Administrative Officer
427,Perri,Oxenden,Clinical Specialist
428,Jaymee,Lack,Senior Sales Associate
429,Gabriello,Chantler,Graphic Designer
430,Edgard,Truitt,Design Engineer
431,Alex,Oddie,Legal Assistant
432,Guillaume,Tappington,Chemical Engineer
433,Emmott,Ortmann,Systems Administrator III
434,Valeda,Pengelley,Administrative Assistant III
435,Philippe,Schultz,Quality Control Specialist
436,Stefa,Zanicchi,Database Administrator I
437,Violette,Kynan,Help Desk Operator
438,Sloane,Dossett,Help Desk Operator
439,Lyndsay,Hinze,Payment Adjustment Coordinator
440,Thaine,De Coursey,Associate Professor
441,Beau,Gawkroge,Senior Editor
442,Carmen,Cristofari,Product Engineer
443,Maud,Sheridan,Computer Systems Analyst I
444,Jaine,MacGorley,Chief Design Engineer
445,Sander,De Leek,Structural Engineer
446,Nady,Gerdes,Recruiting Manager
447,Teressa,Siemantel,Recruiting Manager
448,Rogerio,O' Flaherty,Junior Executive
449,Roi,Sarjeant,Mechanical Systems Engineer
450,Templeton,Izzatt,Staff Scientist
451,Tamra,Tumpane,Structural Analysis Engineer
452,Gerome,Melia,Cost Accountant
453,Baillie,Willoughway,Nurse Practicioner
454,Orran,Doumenc,VP Product Management
455,Gwynne,Benini,Human Resources Manager
456,Dalt,Tumpane,Senior Developer
457,Arleyne,Tarr,Financial Advisor
458,Rowan,Magog,Sales Associate
459,Claresta,Grivori,Senior Cost Accountant
460,Courtney,Gurney,Sales Representative
461,Silvanus,Mechem,Health Coach IV
462,Audry,Parrot,Information Systems Manager
463,Lorrie,Pleasants,Software Engineer I
464,Shannen,Whiteley,Chief Design Engineer
465,Jacinthe,Fache,Occupational Therapist
466,Brnaby,Pargeter,Financial Analyst
467,Hendrika,Titman,Web Developer II
468,Drucy,Esch,Staff Scientist
469,Albert,Perott,Sales Representative
470,Jill,Glading,Safety Technician II
471,Justis,Barwis,Civil Engineer
472,Clementia,Coneley,Analyst Programmer
473,Giusto,Matusovsky,Editor
474,Kahlil,Gniewosz,Electrical Engineer
475,Boote,Barling,Account Executive
476,Jamey,Bumpus,Software Engineer I
477,Berri,Fittes,Nurse
478,Adaline,Aslin,Geological Engineer
479,Lanny,Skip,Engineer III
480,Jessey,Ledwich,Research Associate
481,Tamar,Scholfield,Paralegal
482,Camala,Kliemke,Payment Adjustment Coordinator
483,Ker,Mulqueen,Senior Quality Engineer
484,Bonnee,MacRanald,Geologist IV
485,Jaynell,Kershaw,Database Administrator II
486,Brandtr,Conring,Civil Engineer
487,Korrie,Glowinski,Payment Adjustment Coordinator
488,Yorker,Franzetti,Mechanical Systems Engineer
489,Raffarty,Boutflour,Administrative Officer
490,Windham,Beaumont,VP Quality Control
491,Laurent,Beard,Administrative Officer
492,Hinze,Skippon,VP Marketing
493,Noam,Mordie,Senior Developer
494,Matilde,Tweede,Senior Quality Engineer
495,Jacki,Haxby,Information Systems Manager
496,Alasteir,Aleksich,Compensation Analyst
497,Prescott,Filipczak,Actuary
498,Ferne,Creagh,Systems Administrator III
499,Grantley,Gethings,Staff Accountant I
500,Judi,Gold,Software Engineer IV
501,Arline,Esbrook,Internal Auditor
502,Ferrell,Ruckert,General Manager
503,Kippie,Strongman,Sales Associate
504,Pattie,McGinty,Social Worker
505,Klarika,Wickham,Health Coach IV
506,Leontyne,Brittan,Cost Accountant
507,Taddeusz,Tynewell,Developer I
508,Jacinta,Popley,Quality Engineer
509,Bartholomew,Keenor,Web Developer II
510,Maurits,Lukianovich,Desktop Support Technician
511,Chet,Judson,Accountant III
512,Chalmers,Tumayan,Registered Nurse
513,Bordy,Winterflood,Social Worker
514,Drusie,Brevitt,Sales Representative
515,Rollins,Joseland,Financial Advisor
516,Marcellina,Eccleshare,Engineer II
517,Auguste,Brugh,GIS Technical Architect
518,Robenia,Inchcomb,Registered Nurse
519,Free,Morkham,Human Resources Assistant II
520,Locke,Scarth,Nuclear Power Engineer
521,Georgi,Baythorp,Occupational Therapist
522,Rodge,Fisk,Paralegal
523,Cyrillus,Phelan,Internal Auditor
524,Juan,Durn,Recruiter
525,Shannan,Legging,Senior Developer
526,Joanna,Guiver,Nurse
527,Jasmine,Rillstone,Executive Secretary
528,Ker,Chicco,Recruiting Manager
529,Kerianne,Swinley,Senior Editor
530,Corenda,Emanueli,Quality Engineer
531,Alexei,Delamaine,Clinical Specialist
532,Rutledge,Tayloe,Account Executive
533,Candy,Blanking,Junior Executive
534,Myra,Skeels,Paralegal
535,Gladi,Attock,Engineer II
536,Farra,Vogt,Librarian
537,Whitney,Chrichton,Budget/Accounting Analyst II
538,Hanna,Livesay,Nurse Practicioner
539,Boigie,Rumbellow,Software Consultant
540,Jorge,Overstall,Account Coordinator
541,Glenna,Clampe,Electrical Engineer
542,Jojo,Elloway,Help Desk Operator
543,Merry,Pearse,Paralegal
544,Andeee,Crews,Account Coordinator
545,Barbette,Croston,Developer IV
546,Bruce,Butrimovich,Web Developer IV
547,Ravid,Sawden,Associate Professor
548,Ondrea,Lean,Human Resources Manager
549,Vilma,Mulkerrins,Tax Accountant
550,Zilvia,Skeene,Senior Developer
551,Inger,Redfield,Professor
552,Estelle,O'Fallone,Computer Systems Analyst IV
553,Kristoffer,Mattielli,Software Engineer II
554,Hinze,Blooman,Developer II
555,Whit,Degenhardt,Physical Therapy Assistant
556,Tabb,Langer,Occupational Therapist
557,Alexina,MacAree,Biostatistician IV
558,Boigie,Stopper,Project Manager
559,Caressa,Cradick,Sales Representative
560,Carri,Pitchford,Pharmacist
561,Kellie,Gerrietz,Editor
562,Jory,Titcom,Research Nurse
563,Tobias,Ferrari,Human Resources Assistant II
564,Benjamen,Dahmel,GIS Technical Architect
565,Hodge,Povlsen,Registered Nurse
566,Roy,Fortoun,Computer Systems Analyst I
567,Dacy,Berka,General Manager
568,Norton,Lemin,Media Manager III
569,Roselin,Sheekey,Office Assistant IV
570,Sonni,Lindner,Systems Administrator II
571,Ara,Coonan,Associate Professor
572,Cloe,Winfred,Desktop Support Technician
573,Estevan,Back,Marketing Assistant
574,Eldon,Praundlin,Staff Scientist
575,Lettie,Kearns,Clinical Specialist
576,Rachel,Shaplin,Assistant Media Planner
577,Lenora,Scally,Occupational Therapist
578,Kile,Cheale,Teacher
579,Brandy,Gleed,General Manager
580,Hunfredo,Jansie,Data Coordiator
581,Brandea,Kiley,Senior Sales Associate
582,Isa,Lukacs,Senior Quality Engineer
583,Thadeus,Murley,Environmental Specialist
584,Berty,Easterling,Recruiter
585,Glad,Gorring,Senior Quality Engineer
586,Shirlene,Barabich,Research Nurse
587,Delphinia,Timms,Assistant Professor
588,Dorelia,Coll,Budget/Accounting Analyst III
589,Humfried,Spickett,Account Representative III
590,Lucia,Tulloch,Research Associate
591,Goran,Scraney,Account Representative III
592,Loree,Darte,Associate Professor
593,Koralle,Cridlan,Quality Engineer
594,Clea,Coxon,Assistant Professor
595,Dosi,Tice,Quality Engineer
596,Jori,Ciotti,Software Engineer III
597,Aldis,Connah,Programmer IV
598,Jon,Antrag,Mechanical Systems Engineer
599,Ronna,Quogan,Assistant Manager
600,Riordan,Tal,Internal Auditor
601,Allegra,Fairbrace,Nuclear Power Engineer
602,Tiphanie,Perell,Structural Engineer
603,Orelee,Wittleton,Nurse Practicioner
604,Carolyne,Grass,Social Worker
605,Daron,Durtnell,Product Engineer
606,Hattie,Queen,Electrical Engineer
607,Connie,Everest,Human Resources Manager
608,Cristian,Treagus,Database Administrator IV
609,Toma,Garner,Community Outreach Specialist
610,Karee,Butrimovich,Project Manager
611,Erhard,Colvine,Chief Design Engineer
612,Abbye,Hullins,Data Coordiator
613,Claude,Waeland,Tax Accountant
614,Chen,Iozefovich,Nuclear Power Engineer
615,Cullen,Dooland,Cost Accountant
616,Lewes,Swateridge,Nuclear Power Engineer
617,Antonietta,Kennally,Associate Professor
618,Matias,Antoszczyk,Clinical Specialist
619,Hally,Ewers,Research Associate
620,Sheffie,Van De Cappelle,Geological Engineer
621,Mortie,Masson,Editor
622,Oswald,Brockie,Media Manager III
623,Rosalind,Bubeer,Food Chemist
624,Nadya,Bilbrooke,Programmer I
625,Stella,Tesauro,Electrical Engineer
626,Petey,Ellph,Automation Specialist I
627,Garth,Kitteringham,Food Chemist
628,Lemmy,Cunnow,Structural Engineer
629,Wait,Speechley,Web Designer I
630,Darya,Pettko,Design Engineer
631,Jule,Cambden,Administrative Officer
632,Aube,Hadden,Financial Analyst
633,Granny,Brammar,Automation Specialist IV
634,Audrye,Kensley,Senior Developer
635,Mercie,Snelle,Nuclear Power Engineer
636,Elmo,Rossetti,Help Desk Technician
637,Phaidra,Brookfield,Structural Engineer
638,Bealle,Brandes,Information Systems Manager
639,Berty,Incogna,Senior Editor
640,Orran,Filby,Structural Analysis Engineer
641,Maisie,Flack,Programmer III
642,Jaime,Spellissy,Director of Sales
643,Eugenia,Wickmann,Financial Analyst
644,Liuka,Colrein,Marketing Manager
645,Kinna,Bratty,Automation Specialist II
646,Seth,Cisco,General Manager
647,Geoff,Faraker,Programmer Analyst I
648,Rafaelita,Dogg,Junior Executive
649,Mattias,Tetley,Senior Quality Engineer
650,Rosanna,McKue,Assistant Media Planner
651,Bernadine,Turmel,Clinical Specialist
652,Tim,Lefley,Product Engineer
653,Alix,Punyer,VP Quality Control
654,Link,Weekley,Chemical Engineer
655,Laina,Roote,Mechanical Systems Engineer
656,Mellicent,Livzey,Nurse
657,Hildy,Frankcombe,Human Resources Manager
658,Shermy,Flaunders,Nurse Practicioner
659,Akim,Aleksic,Chemical Engineer
660,Audie,Marris,Marketing Manager
661,Nathanael,Humbee,GIS Technical Architect
662,Farrel,Theodore,Web Developer III
663,Flore,Gockeler,Marketing Manager
664,Northrup,Wadmore,Systems Administrator III
665,Reinwald,McInnerny,Social Worker
666,Frannie,McKeveney,Clinical Specialist
667,Bobette,Abramovici,Health Coach IV
668,Dolorita,Smetoun,Electrical Engineer
669,Zed,Hancock,Cost Accountant
670,Robena,Dibling,Administrative Assistant II
671,Lexie,Brookes,Nurse
672,Minda,Murname,Associate Professor
673,Virgie,Harman,Programmer Analyst I
674,Jake,Holleworth,Geologist II
675,Betsey,Beernaert,Paralegal
676,Fulton,Witherdon,Developer I
677,Jackie,Thomton,General Manager
678,Shari,Shear,Staff Scientist
679,Berne,MacCurlye,Operator
680,Roderigo,Mildner,Quality Control Specialist
681,Garner,Toner,Human Resources Manager
682,Hynda,Wetherby,Health Coach II
683,Benoit,Heckner,Food Chemist
684,Boy,Trulock,Food Chemist
685,Rozella,Larrat,Administrative Officer
686,Rudd,Bennetto,Financial Analyst
687,Annette,Hamelyn,Information Systems Manager
688,Nadya,Gawthrop,Marketing Manager
689,Hi,Leonida,Structural Engineer
690,Marybelle,Rutley,Safety Technician II
691,Danice,Elfleet,Operator
692,Chip,Windham,Web Designer I
693,Marwin,Vasquez,Financial Analyst
694,Francene,Challicombe,Media Manager III
695,Lesly,Gayter,Associate Professor
696,Junette,Glozman,Registered Nurse
697,Rod,Meeking,Internal Auditor
698,Malvina,McCoughan,Software Test Engineer IV
699,Edita,Lewcock,Account Coordinator
700,Mickey,Copestake,Web Designer III
701,Godfree,Hanbidge,Administrative Officer
702,Sollie,Straine,Systems Administrator II
703,Noami,Ribchester,Business Systems Development Analyst
704,Sharon,Pieper,Librarian
705,Jessalin,Portress,Research Assistant III
706,Paulita,Hubber,Recruiting Manager
707,Forest,Avarne,Civil Engineer
708,Keeley,Hanhard,Registered Nurse
709,Clare,Milsap,Staff Scientist
710,Jackie,Merkel,Legal Assistant
711,William,Shallcross,Actuary
712,Clayton,Sainteau,Systems Administrator I
713,Alfonse,Paulsson,Structural Engineer
714,Yuri,Yushkov,Professor
715,Alain,Zotto,Senior Sales Associate
716,Berthe,Albrook,Junior Executive
717,Nikolas,Blunsum,Marketing Assistant
718,Beltran,Delgaty,Registered Nurse
719,Naoma,Pfaffe,Developer IV
720,Sunshine,Spyer,VP Quality Control
721,Goraud,Mayberry,Nurse
722,Rowney,Sitford,Marketing Manager
723,Ted,Koenen,Analyst Programmer
724,Dilan,Batteson,VP Accounting
725,Jacquelynn,Brunke,Nurse
726,Lacee,Delgaty,Pharmacist
727,Tedd,Malarkey,VP Product Management
728,Kesley,Chapelhow,Human Resources Assistant I
729,Georges,Geekie,Internal Auditor
730,Josiah,Scouler,Director of Sales
731,Gavan,Quernel,Staff Scientist
732,Jacinta,Boxer,Structural Engineer
733,Gerald,Epp,Research Assistant I
734,Diannne,Breming,Internal Auditor
735,Larry,Walne,Food Chemist
736,Hew,Beswetherick,Help Desk Operator
737,Bridie,Epsley,VP Sales
738,Allissa,Widdocks,Web Designer II
739,Shaughn,Huxster,Cost Accountant
740,Shepperd,Severs,Business Systems Development Analyst
741,Gideon,Rochelle,Safety Technician I
742,Andy,Arsnell,Actuary
743,Nahum,Woolatt,Software Consultant
744,Rafa,Manwell,Marketing Assistant
745,May,Vern,Safety Technician I
746,Addie,Hause,Product Engineer
747,Frederica,Heading,Sales Representative
748,Ellie,Wattingham,Structural Engineer
749,Karlotte,Covil,Structural Engineer
750,Cory,Zack,VP Marketing
751,Bartolomeo,Kenna,Sales Associate
752,Troy,Adami,Quality Control Specialist
753,Dyan,Gommes,Mechanical Systems Engineer
754,Barret,Girke,Web Designer IV
755,Cari,McAloren,VP Accounting
756,Ricoriki,Hilling,Developer I
757,Ferdinande,Grumell,Software Engineer I
758,Maire,Lochet,Geological Engineer
759,Odelle,Luquet,Registered Nurse
760,Kellen,Bradneck,Structural Engineer
761,Fabien,Wattam,Clinical Specialist
762,Rockie,Townrow,Software Test Engineer II
763,Clerissa,Dumini,Programmer Analyst III
764,Waylin,Spalls,Information Systems Manager
765,Jaymie,Eivers,Developer III
766,Rena,Kennington,Senior Sales Associate
767,Guthry,Anyon,Senior Quality Engineer
768,Dolorita,Hearthfield,Senior Quality Engineer
769,Franky,Sibbson,Nurse Practicioner
770,Dniren,Arnison,Staff Scientist
771,Hurley,Storrar,Teacher
772,Victor,Brouwer,Junior Executive
773,Talbert,McAnulty,Account Representative I
774,Alia,Clayfield,GIS Technical Architect
775,Radcliffe,Roelofsen,Payment Adjustment Coordinator
776,Margarethe,Kerwood,Systems Administrator III
777,Harmony,Vizor,Product Engineer
778,Dane,Liepins,Internal Auditor
779,Delmer,French,Senior Sales Associate
780,Karalynn,Southcott,Executive Secretary
781,Gwenore,Langthorne,Biostatistician I
782,Hildagarde,Brinkley,Software Engineer I
783,Olia,Badby,Programmer IV
784,Byrom,Hayworth,Technical Writer
785,Kurt,Danko,Technical Writer
786,Homer,Worral,Registered Nurse
787,Gardiner,Feckey,Payment Adjustment Coordinator
788,Tadeas,Dory,Media Manager IV
789,Homerus,Corck,Assistant Media Planner
790,Darlleen,Purveys,Office Assistant I
791,Myron,Petley,Paralegal
792,Lyon,Berford,Software Engineer IV
793,Lauren,Prettyman,Developer IV
794,Virginia,Corpes,GIS Technical Architect
795,Kathe,Columbell,Engineer II
796,Cleavland,Mullin,Help Desk Technician
797,Dru,Scotson,Junior Executive
798,Bearnard,Chilcott,VP Marketing
799,Damara,Radclyffe,Registered Nurse
800,Currie,Ramstead,Business Systems Development Analyst
801,Millisent,Dossetter,Database Administrator II
802,Gail,Cavaney,Project Manager
803,Francis,Skamell,Executive Secretary
804,Tad,Josefs,Technical Writer
805,Fidelity,Zohrer,Occupational Therapist
806,Ryon,Sichardt,Operator
807,Elaina,Havesides,VP Marketing
808,Nicolette,Schule,Design Engineer
809,Cristian,Bosnell,Account Executive
810,Rycca,Tremonte,Technical Writer
811,Kennie,Benoist,Staff Accountant IV
812,Kristofor,Plane,Information Systems Manager
813,Rhodie,Wilfinger,Programmer III
814,Seymour,Jebb,Help Desk Technician
815,Sara,Kemish,Civil Engineer
816,Phelia,Sidle,Payment Adjustment Coordinator
817,Dorelle,Magor,Structural Engineer
818,Christina,Aronstam,Account Representative III
819,Zia,Ralestone,Help Desk Operator
820,Emyle,Jahn,Statistician II
821,Falkner,Lemarie,Information Systems Manager
822,Florrie,O'Mullaney,Help Desk Operator
823,Calla,Jiras,Structural Engineer
824,Felicio,Grodden,Nurse Practicioner
825,Tracy,Minillo,Financial Analyst
826,Junette,Yekel,Staff Accountant IV
827,Gunther,Apperley,Associate Professor
828,Francoise,Wyldes,Senior Financial Analyst
829,Kathleen,Huxstep,Sales Associate
830,Lilia,Duiged,Professor
831,Paddy,Cescon,Database Administrator III
832,June,Goymer,Nuclear Power Engineer
833,Winston,Poll,Editor
834,Loni,Reames,Staff Scientist
835,Mata,Robert,Assistant Manager
836,Danni,Dugan,Web Designer III
837,Dalenna,Clogg,Computer Systems Analyst IV
838,Packston,Scullin,Professor
839,Elsi,Marney,Programmer Analyst IV
840,Pearla,Beseke,Safety Technician III
841,Marcia,Hubbis,Payment Adjustment Coordinator
842,Angel,Fright,Desktop Support Technician
843,Dani,Yakobovicz,Registered Nurse
844,Maurice,Danielian,Software Consultant
845,Datha,Bussens,Automation Specialist IV
846,Lanni,Le Barre,GIS Technical Architect
847,Rudd,Corre,Automation Specialist II
848,Evie,Brick,Financial Analyst
849,Joyce,Kiddye,Sales Representative
850,Linnell,Enticott,Research Associate
851,Sven,Knolles-Green,Project Manager
852,Fleurette,Whitebrook,Assistant Media Planner
853,Herby,Itzkovwitch,Nuclear Power Engineer
854,Titos,Varey,VP Product Management
855,Carlota,Bordone,Nuclear Power Engineer
856,Aimil,Kornousek,Actuary
857,Nanci,Sugarman,Statistician I
858,Katherina,Deeks,Senior Financial Analyst
859,Roby,Comiam,Systems Administrator IV
860,Estrellita,De la Feld,Software Test Engineer IV
861,Bourke,Bareford,VP Marketing
862,Broddie,Mithan,Marketing Manager
863,Sally,Mole,Media Manager II
864,Cathi,Claricoats,Registered Nurse
865,Langston,Mawditt,GIS Technical Architect
866,Amelie,Coade,Account Representative I
867,Joy,Spadollini,Data Coordiator
868,Sayres,Brandassi,Nurse Practicioner
869,Rois,Whitehall,Electrical Engineer
870,Corina,Craigmyle,Operator
871,Ellissa,Epps,Business Systems Development Analyst
872,Xenos,Mathe,Sales Associate
873,Sharron,Arpino,Physical Therapy Assistant
874,Ddene,Thornewell,Director of Sales
875,Rosalyn,Alvin,Research Assistant IV
876,Alasdair,Erwin,Human Resources Assistant I
877,Christalle,Latch,Programmer Analyst I
878,Care,Roscher,Systems Administrator I
879,Dimitry,Foss,Actuary
880,Oliviero,Dunning,Internal Auditor
881,Ivette,Winsome,Occupational Therapist
882,Rickert,Sallis,Financial Analyst
883,Lelah,Reide,Speech Pathologist
884,Arluene,Kobpac,Internal Auditor
885,Estevan,Saffell,Environmental Specialist
886,Twila,Haborn,Operator
887,Bernardo,Vallerine,Human Resources Assistant III
888,Kimmy,Boar,Registered Nurse
889,Shanon,Wilden,Operator
890,Jordan,De Freyne,Research Associate
891,Shanda,Grace,Speech Pathologist
892,Fayina,Adcock,VP Product Management
893,Pietrek,Bolgar,Senior Financial Analyst
894,Mellie,Betke,Nurse
895,Clari,Hankinson,Structural Analysis Engineer
896,Merrill,Scallon,Technical Writer
897,Brodie,Tunnoch,Assistant Professor
898,Raine,Jepperson,Internal Auditor
899,Amber,Treleaven,Structural Analysis Engineer
900,Dolf,Secombe,Assistant Media Planner
901,Maurizio,Saines,Computer Systems Analyst IV
902,Grant,Winkell,Pharmacist
903,Reginauld,Prewer,VP Quality Control
904,Raimund,Ramberg,Analog Circuit Design manager
905,Amelia,Boam,Financial Advisor
906,Lida,Jurewicz,Staff Accountant I
907,Chloe,Willars,Project Manager
908,Gilligan,Thraves,Quality Control Specialist
909,Reagen,Shields,Librarian
910,Nicki,Tricker,Computer Systems Analyst II
911,Curr,Tabrett,Desktop Support Technician
912,Jule,Farrer,Civil Engineer
913,Harlie,Petersen,Accountant IV
914,Miles,Axe,Compensation Analyst
915,Odey,Iacovozzo,Software Test Engineer III
916,Valina,Gehringer,Software Consultant
917,Tarah,Cockitt,Human Resources Assistant IV
918,Dorothea,Crock,Software Engineer II
919,Emelen,Pock,Social Worker
920,Lyle,Ottosen,Electrical Engineer
921,Padgett,Caldron,Sales Representative
922,Ripley,ducarme,Recruiter
923,Olin,Dinesen,Health Coach II
924,Howey,Cavanaugh,Marketing Manager
925,Laurie,Lehr,Community Outreach Specialist
926,Laird,Kirmond,Marketing Manager
927,Jennette,Saxon,Engineer III
928,Jerrie,Tenney,VP Marketing
929,Jori,Whillock,Senior Financial Analyst
930,Amii,O'Fearguise,Human Resources Manager
931,Delaney,Widdison,Quality Engineer
932,Lil,Balducci,VP Product Management
933,Stanislaw,Baptiste,Account Executive
934,Panchito,Ballach,Desktop Support Technician
935,Joyan,Nelm,Software Consultant
936,Selia,Enrdigo,Programmer II
937,Tiler,Stoddart,Tax Accountant
938,Worden,Spragg,Account Representative IV
939,Lesley,Parade,Biostatistician I
940,Justen,Kuhndel,Internal Auditor
941,Karylin,Hilldrup,Developer I
942,Sheelagh,Aspy,Director of Sales
943,Harley,Tree,Senior Developer
944,Brinn,De Ruggiero,Product Engineer
945,Vernen,Insko,Registered Nurse
946,Beale,Hanigan,Accounting Assistant III
947,Adrien,Doppler,Structural Analysis Engineer
948,Gino,Stilliard,Web Developer II
949,Janis,Chewter,Dental Hygienist
950,Devonna,Wilding,Analog Circuit Design manager
951,Roderick,Friedman,VP Quality Control
952,Dennie,Challender,Administrative Officer
953,Stefania,Drayson,Media Manager I
954,Brewer,Roskam,Recruiting Manager
955,Nettie,Cockcroft,Statistician II
956,Nicholas,Walkowski,Financial Analyst
957,Anya,Roan,Sales Associate
958,Otto,Yakubowicz,Office Assistant I
959,Ida,Kenan,Associate Professor
960,Bren,Thibodeaux,Financial Analyst
961,Nollie,Hills,Environmental Specialist
962,Inglebert,Dubarry,Help Desk Technician
963,Denise,Matityahu,Chemical Engineer
964,Eberhard,O'Keevan,Financial Advisor
965,Godard,Armytage,Electrical Engineer
966,Spenser,Ziemsen,Research Associate
967,Andi,Kiddie,Senior Financial Analyst
968,Stanton,Golightly,Software Engineer III
969,Carrol,Frith,General Manager
970,Blinnie,McNickle,Environmental Tech
971,Tiffi,Sheran,General Manager
972,Dode,Pizey,Statistician III
973,Marylee,Sissel,Environmental Tech
974,Sergio,Ambler,Cost Accountant
975,Sheff,Moatt,Geological Engineer
976,Gussie,Rogier,Senior Quality Engineer
977,Janela,Davenall,Staff Accountant II
978,Wylie,Bradnam,Senior Cost Accountant
979,Griswold,Aldie,Safety Technician I
980,Purcell,Chaunce,Director of Sales
981,Gerald,Nicholl,Senior Sales Associate
982,Christos,Imlin,Recruiter
983,Jessamine,Lias,Assistant Professor
984,Katharyn,Jordin,Chemical Engineer
985,Jeffie,Asman,Compensation Analyst
986,Henrieta,Arblaster,Safety Technician I
987,Jenine,Arnaut,Human Resources Assistant II
988,Doris,Shilston,Chief Design Engineer
989,Burnaby,Jellico,Accountant IV
990,Rosanne,Tillard,Speech Pathologist
991,Arlinda,Blanckley,Help Desk Operator
992,Sorcha,Pawellek,Analyst Programmer
993,Will,Gerbl,Community Outreach Specialist
994,Dulcy,Bransom,Administrative Officer
995,Rina,Weinham,Senior Cost Accountant
996,Isidor,Pridgeon,Structural Engineer
997,Corbie,Sodo,Budget/Accounting Analyst II
998,Edie,Zmitrovich,Environmental Tech
999,Nataniel,Meyrick,Software Engineer II
1000,Rivkah,Tyhurst,Geological Engineer
